project,reviews,raw_mean,normalized_mean,raw_position,normalized_rank,position_change
prj_34,3,4.35,4.212,1,1,0
prj_33,3,4.083,3.986,6,2,4
prj_10,2,4.25,3.868,3,3,0
prj_16,3,4.067,3.861,7,4,3
prj_11,4,4.338,3.819,2,5,-3
prj_37,4,4.088,3.735,5,6,-1
prj_25,3,4.117,3.611,4,7,-3
prj_07,5,3.34,3.333,30,8,22
prj_01,3,3.45,3.31,20,9,11
prj_04,3,3.833,3.232,9,10,-1
prj_21,3,3.933,3.23,8,11,-3
prj_17,3,3.6,3.221,15,12,3
prj_02,3,3.7,3.202,12,13,-1
prj_31,3,3.617,3.161,14,14,0
prj_08,5,3.74,3.139,11,15,-4
prj_38,3,3.783,3.109,10,16,-6
prj_12,3,3.45,3.091,22,17,5
prj_15,2,3.625,3.083,13,18,-5
prj_27,3,3.383,3.02,28,19,9
prj_09,3,3.45,2.959,21,20,1
prj_18,2,3.45,2.951,23,21,2
prj_39,2,3.3,2.932,31,22,9
prj_14,5,3.41,2.927,26,23,3
prj_36,3,3.567,2.91,17,24,-7
prj_35,5,3.49,2.895,18,25,-7
prj_32,3,3.483,2.833,19,26,-7
prj_29,2,3.275,2.828,32,27,5
prj_03,3,3.417,2.815,25,28,-3
prj_24,2,3.45,2.812,24,29,-5
prj_26,3,3.167,2.762,34,30,4
prj_30,3,3.15,2.699,35,31,4
prj_19,2,3.575,2.588,16,32,-16
prj_20,3,3.267,2.52,33,33,0
prj_13,3,3.35,2.416,29,34,-5
prj_40,2,3.025,2.209,38,35,3
prj_22,3,3.083,2.153,36,36,0
prj_06,3,3.033,2.074,37,37,0
prj_28,3,3.4,1.999,27,38,-11
prj_23,3,2.917,1.929,39,39,0
prj_05,3,2.9,1.606,40,40,0

judge,valid_reviews,raw_mean,raw_population_stddev
jdg_01,1,2.0,0.0
jdg_02,6,4.25,0.70946
jdg_03,2,3.9,0.45
jdg_04,4,3.5875,0.702117
jdg_05,2,3.475,0.325
jdg_06,3,3.383333,0.351979
jdg_07,3,4.0,0.0
jdg_08,3,3.433333,0.685971
jdg_09,5,3.55,0.506952
jdg_10,3,3.116667,0.388015
jdg_11,6,3.658333,0.716134
jdg_12,2,3.625,0.475
jdg_13,3,4.033333,0.557275
jdg_14,3,3.05,0.653197
jdg_15,6,4.025,0.780892
jdg_16,6,3.65,0.646787
jdg_17,2,3.45,0.15
jdg_18,2,3.4,0.1
jdg_19,3,3.216667,0.614184
jdg_20,6,3.116667,0.744237
jdg_21,3,3.433333,0.455217
jdg_22,5,3.75,0.731437
jdg_23,1,3.15,0.0
jdg_24,11,3.318182,0.645359
jdg_25,5,3.43,0.516333
jdg_26,9,3.722222,0.547779
jdg_27,2,2.975,0.475
jdg_28,2,3.15,0.15
jdg_29,9,3.488889,0.411486
jdg_30,4,4.1125,0.499218
